{
  "project_info": {
    "project_number": "898888365960",
    "project_id": "staff-attendance-1fdc1",
    "storage_bucket": "staff-attendance-1fdc1.firebasestorage.app"
  },
  "client": [
    {
      "client_info": {
        "mobilesdk_app_id": "1:898888365960:android:e94bcd08dd8cc457602c3d",
        "android_client_info": {
          "package_name": "com.example.staffattendance"
        }
      },
      "oauth_client": [],
      "api_key": [
        {
          "current_key": "AIzaSyDv5PenDsLtQjiNzhnP3zDwMxNFqyEw_8Q"
        }
      ],
      "services": {
        "appinvite_service": {
          "other_platform_oauth_client": []
        }
      }
    }
  ],
  "configuration_version": "1"
}